{
	"description": "项目配置文件。",
	"setting": {
		"urlCheck": false,
		"es6": true,
		"postcss": true,
		"minified": true,
		"newFeature": true
	},
	"compileType": "miniprogram",
	"libVersion": "1.6.4",
	"appid": "wxf1ef0836a778ac7e",
	"projectname": "%E5%AF%BC%E8%AE%BA%E9%AA%8C%E6%94%B6%E6%9C%80%E7%BB%88%E7%89%88",
	"svr": "",
	"client": "",
	"qcloudRoot": "",
	"miniprogramRoot": "",
	"condition": {
		"search": {
			"current": -1,
			"list": []
		},
		"conversation": {
			"current": -1,
			"list": []
		},
		"miniprogram": {
			"current": -1,
			"list": []
		}
	}
}